,ch,x,y,z,sub
0,ECOG_0,-26.720730423095645,38.971801409042996,48.509589173269504,bp
1,ECOG_1,-23.119168102800224,30.05402949808798,53.89116171464687,bp
2,ECOG_2,-32.755668572714406,20.41057730378061,57.680631957011194,bp
3,ECOG_3,-35.49134536661263,9.96038086139458,60.819838996938145,bp
4,ECOG_4,-33.92391117378343,-0.23767509088226801,63.03423888918784,bp
5,ECOG_5,-33.08564159286386,-10.549220593775932,66.56721351664343,bp
6,ECOG_6,-35.71792665153465,-21.676458940678543,67.54921479961197,bp
7,ECOG_7,-35.83584626995566,-33.43936501027693,67.89798482904149,bp
8,ECOG_8,-31.101959800725297,41.46246512315963,43.62804143854195,bp
9,ECOG_9,-36.88946309635419,31.338208938594125,46.98968019558082,bp
10,ECOG_10,-43.37391076280431,10.625105372150207,53.09675840501797,bp
11,ECOG_11,-42.22837215876204,0.6881385059128365,56.28706129164011,bp
12,ECOG_12,-46.459278096725576,-10.658814745208439,57.8171340836556,bp
13,ECOG_13,-44.966292994370924,-21.134172576470025,59.24399880084801,bp
14,ECOG_14,-47.426304159845586,-33.23923169683419,59.55870493248073,bp
15,ECOG_15,-39.83730277358733,43.479589044033105,36.22958425712413,bp
16,ECOG_16,-43.42729902041422,33.37154565241284,39.40285519484788,bp
17,ECOG_17,-47.69314887089273,23.14106411424548,41.99399072572784,bp
18,ECOG_18,-52.11415406620136,11.761685277233685,43.90079915637359,bp
19,ECOG_19,-52.052090518234515,1.1566251024100234,46.834606428087,bp
20,ECOG_20,-53.58429097341304,-9.677098572562594,48.41577506679773,bp
21,ECOG_21,-52.28554836768336,-20.820549712410465,49.586144169081365,bp
22,ECOG_22,-54.28547161310586,-32.90939603982936,49.712482481398965,bp
23,ECOG_23,-44.361813555989144,44.5675305702808,27.598728466425136,bp
24,ECOG_24,-48.63365893823932,34.52433835044159,30.01852812688838,bp
25,ECOG_25,-51.946032718886,23.4708997712503,32.147768274646076,bp
26,ECOG_26,-57.54934594492613,12.262597459621391,34.071608654190236,bp
27,ECOG_27,-59.44515399899571,1.616163102976918,35.481441422484224,bp
28,ECOG_28,-59.69713122739967,-10.553747189168275,36.54961883137745,bp
29,ECOG_29,-61.0571703189258,-21.20018154581275,37.95945159967145,bp
30,ECOG_30,-60.71887323016263,-32.79201109002825,38.32525357799938,bp
31,ECOG_31,-46.477128336719936,44.97843019201191,16.81066691876774,bp
32,ECOG_32,-51.84984793793455,34.42200839602404,19.17937073253577,bp
33,ECOG_33,-55.98862326202524,23.21370608439513,21.103211112079926,bp
34,ECOG_34,-59.74674158436179,12.208905884039618,22.66734780189224,bp
35,ECOG_35,-60.311837771635226,0.861952632918343,24.19742059390774,bp
36,ECOG_36,-63.39128731204509,-10.362562471655826,26.30962879276702,bp
37,ECOG_37,-64.08629547332993,-22.157894127144733,27.03513446082681,bp
38,ECOG_38,-65.03500096250033,-32.89434104444579,27.486096183646772,bp
39,ECOG_39,-50.14328109338717,44.11799436835149,4.756142864032353,bp
40,ECOG_40,-55.290435696870915,32.861053677886815,7.245086701521891,bp
41,ECOG_41,-56.64754803957211,22.19840652829707,8.843287289131009,bp
42,ECOG_42,-57.94114311965875,10.99010421666816,10.767127668675167,bp
43,ECOG_43,-60.287201428973304,0.0015168092579183265,12.142896539172353,bp
44,ECOG_44,-64.87310060334725,-10.693555926222333,14.117832765411723,bp
45,ECOG_45,-65.80861114728755,-22.350236642218867,15.237106021000162,bp
46,ECOG_46,-64.59795701797715,-33.64855151450437,16.202075355070292,bp
0,ECOG_0,47.96005068714525,32.27325525486966,-14.61847098674604,ca
1,ECOG_1,49.96617955517174,26.941419840248845,-13.499332937640597,ca
2,ECOG_2,54.545332906929275,18.79210200981539,-12.100460236052895,ca
3,ECOG_3,58.60278447536496,7.596724218223091,-10.345543482289914,ca
4,ECOG_4,61.797540726250865,-2.7976477785832485,-9.254558393691472,ca
5,ECOG_5,67.8310897583672,-23.702649317017567,-6.240735984170127,ca
6,ECOG_6,67.79740757990352,-34.973563366342425,-4.724948608002128,ca
7,ECOG_7,55.85511718297701,31.82630548296401,-3.2345220438712547,ca
8,ECOG_8,56.09970960215211,28.854797393463443,-2.242499847862031,ca
9,ECOG_9,58.58648653469084,20.66574266201518,-0.1694943025938692,ca
10,ECOG_10,59.181256739089086,9.281524226091495,0.9017208326441304,ca
11,ECOG_11,63.26337201532249,-0.6169401650819065,1.5053176346958437,ca
12,ECOG_12,65.83811590766013,-10.898992161363687,3.1912779106013875,ca
13,ECOG_13,67.19122047664156,-21.751503634936693,4.689082507935843,ca
14,ECOG_14,67.06020905337003,-33.21322710074146,6.25190384523274,ca
15,ECOG_15,56.34756188889756,35.07436456546379,6.43516804552033,ca
16,ECOG_16,57.02803668837934,30.57736553019813,8.4093197364586,ca
17,ECOG_17,60.47332312518484,21.514721904454156,9.602906354568894,ca
18,ECOG_18,60.79746298674666,10.890787976227347,11.03103715218364,ca
19,ECOG_19,64.48982233821373,0.8382979113660312,12.284983450499107,ca
20,ECOG_20,66.21937445920186,-10.01421356220697,13.782788047833561,ca
21,ECOG_21,65.62855533081328,-20.55768930232988,13.617553474770142,ca
22,ECOG_22,66.12394843128067,-31.257159488289236,14.827348753711213,ca
23,ECOG_23,50.43427745804411,38.77564119435887,17.133608460530372,ca
24,ECOG_24,53.4815961394218,32.18662928033398,18.538636055998104,ca
25,ECOG_25,57.923031207044694,22.66584617782334,20.23391045141819,ca
26,ECOG_26,61.82675456912476,11.928607862997703,21.334537971022428,ca
27,ECOG_27,63.6163089848909,1.9894221847352218,22.915987547348404,ca
28,ECOG_28,64.03299430658906,-8.289676653323754,23.514927289642845,ca
29,ECOG_29,65.35892173415826,-19.137266196525413,23.20103099762547,ca
30,ECOG_30,66.21376421091085,-29.985840125801346,23.249474883478456,ca
31,ECOG_31,47.331913463414146,40.99608570887502,26.473227684366698,ca
32,ECOG_32,48.105201993172734,32.882567235159314,28.58430739654609,ca
33,ECOG_33,54.06117797478619,23.171959102243022,30.096083173152362,ca
34,ECOG_34,57.636052160734636,13.195005295114267,31.568364990141504,ca
35,ECOG_35,59.462897055419724,2.7608963972931035,33.17999440657006,ca
36,ECOG_36,62.623603566273864,-19.202597135471226,33.23738821865891,ca
37,ECOG_37,37.73330224231468,42.796158875490796,36.42370244484966,ca
38,ECOG_38,41.834682253294794,33.46421641731155,38.66481563695393,ca
39,ECOG_39,45.57462057016055,23.754592670469528,39.81425123568984,ca
40,ECOG_40,50.06309370767708,13.243963128841548,41.56988531131509,ca
41,ECOG_41,55.18671561490374,-7.545765250845404,43.92445912923479,ca
42,ECOG_42,59.50944545949287,-29.85114071555476,43.724023463032836,ca
43,ECOG_43,26.676022850071604,42.99815799683173,46.137213447629875,ca
44,ECOG_44,35.661500289388265,33.021204189702964,47.60949526461902,ca
45,ECOG_45,37.12737467456974,23.38514792844496,49.70194673776932,ca
46,ECOG_46,43.19622288557834,12.876487158965524,50.73290045765384,ca
47,ECOG_47,45.213664148241996,3.0128377384355916,52.53268555265349,ca
48,ECOG_48,49.12652509239442,-8.486653856235456,53.98633913061356,ca
49,ECOG_49,50.92624461697494,-18.38314947526032,53.865255576924525,ca
50,ECOG_50,51.45455112777525,-29.573605336481275,53.65586998448671,ca
51,ECOG_51,16.986113407413807,41.57120564655143,52.96821168827792,ca
52,ECOG_52,22.800993065792998,32.31479944610472,55.427660399055846,ca
53,ECOG_53,25.34625296853187,22.828831314237554,58.31912308742387,ca
54,ECOG_54,28.179098023419662,13.308048211726923,60.01439748284396,ca
55,ECOG_55,37.111129240987275,2.4952736391687367,60.89668948377452,ca
56,ECOG_56,38.4036301450873,-8.241964675656904,61.99731700337876,ca
57,ECOG_57,42.145492051437245,-18.826161702868898,62.80993520458961,ca
58,ECOG_58,41.561634995748484,-30.399220783123962,63.320572908135254,ca
0,ECOG_0,20.701458402123237,-50.232683399022804,68.48500619818255,cc
1,ECOG_1,29.98313795470256,-40.34908609854747,69.7380172443995,cc
2,ECOG_2,32.34557300835358,-29.546312443293143,69.69037053059327,cc
3,ECOG_3,31.027176119663327,-18.691301252305692,68.09043950762117,cc
4,ECOG_4,36.66775096700217,-9.592808754622268,63.858603000969666,cc
5,ECOG_5,35.56417504960683,1.7410704625590507,62.035943740805365,cc
6,ECOG_6,28.179098023419662,13.276944397364543,59.81373632393101,cc
7,ECOG_7,25.15705971770257,24.34986894837255,56.54080604449375,cc
8,ECOG_8,38.60397225959254,-43.67604740992774,65.34810922008572,cc
9,ECOG_9,38.3542498412646,-32.614559892772114,65.61669903050283,cc
10,ECOG_10,43.820613538490875,-20.806294257940927,61.30324254304706,cc
11,ECOG_11,42.27998560528447,-10.59582691743475,60.04675470456634,cc
12,ECOG_12,39.34069974605222,0.204705933547568,58.86507349571049,cc
13,ECOG_13,38.594850227475,11.867695995031722,55.66694984589815,cc
14,ECOG_14,35.56417065202471,23.197093603669042,51.57622159563456,cc
15,ECOG_15,46.05225842653227,-35.55793201984443,59.433076802424736,cc
16,ECOG_16,48.6200881752016,-23.6907064364641,56.96943949095197,cc
17,ECOG_17,49.500477401565725,-12.356827219282781,55.14678023078768,cc
18,ECOG_18,45.842639607602855,-1.2635024173343918,52.86846784169463,cc
19,ECOG_19,45.76501885626609,10.215652373193965,49.93047574388693,cc
20,ECOG_20,41.79462454109187,21.141060546582942,46.63884380704345,cc
21,ECOG_21,44.02459755317596,-58.540890447893126,52.834681552494146,cc
22,ECOG_22,52.90844893648723,-38.503544951188736,52.115420079297024,cc
23,ECOG_23,55.104586712439946,-26.727116601150307,50.34886579135138,cc
24,ECOG_24,55.82624771471528,-14.950688251111885,48.58231150340574,cc
25,ECOG_25,53.61920200020685,-3.4715334605835277,45.644319405598026,cc
26,ECOG_26,51.68487620256963,8.245934940905764,42.0279459416694,cc
27,ECOG_27,51.55280302853516,18.910388448121427,37.28604298555297,cc
28,ECOG_28,49.48765097515687,-63.51765457683915,43.842333921218795,cc
29,ECOG_29,54.25389096938427,-52.41984816634677,43.832090522225045,cc
30,ECOG_30,57.678253343543794,-40.87949262299728,43.877952095449956,cc
31,ECOG_31,60.6865636404991,-29.54561340581596,42.055292835285655,cc
32,ECOG_32,59.59024048840344,-17.27215758291529,39.92659370544241,cc
33,ECOG_33,57.56769194917565,-5.847481132392074,37.40685142175097,cc
34,ECOG_34,57.0667500564053,5.833668375760456,34.069311167233195,cc
35,ECOG_35,55.09658577434078,17.828010085819432,30.629757622822435,cc
36,ECOG_36,51.5418757275001,-65.9843994819896,36.30194896089888,cc
37,ECOG_37,57.225225079785915,-55.533377726250485,35.50111425134688,cc
38,ECOG_38,60.68889086248321,-43.589032747652645,34.74787951115168,cc
39,ECOG_39,63.73220906089114,-31.867082737619373,33.39957503732232,cc
40,ECOG_40,63.13342102800537,-19.854581580892013,29.820604888206137,cc
41,ECOG_41,62.566034831628706,-8.373185986091654,28.01664728544806,cc
42,ECOG_42,60.781200446416555,3.8435506925318794,25.17216347467146,cc
43,ECOG_43,60.89781121336,15.561019094021168,21.55579001074282,cc
44,ECOG_44,53.972883041996305,-68.07203681137608,24.699780806715356,cc
45,ECOG_45,59.959854710514726,-55.73738023565427,25.554935347904753,cc
46,ECOG_46,63.18422046579075,-45.878664794663294,23.545259513678214,cc
47,ECOG_47,66.36378445372135,-34.59926391748712,22.140850067630197,cc
48,ECOG_48,65.96006409643131,-22.325808094586453,20.01215093778695,cc
49,ECOG_49,65.31248953651256,-10.163549755968058,17.58591694112662,cc
50,ECOG_50,64.32618846894712,1.4994403055160963,14.387793291314267,cc
51,ECOG_51,62.3070285979743,12.978595096044454,11.44980119350655,cc
52,ECOG_52,53.55307517772049,-68.90466452886474,13.82359398800955,cc
53,ECOG_53,59.56887894175194,-58.52628055979916,13.580425697279257,cc
54,ECOG_54,64.25068482421999,-47.83694519309912,12.101209621606339,cc
55,ECOG_55,65.90581263613772,-37.07273123545355,11.198361622161357,cc
56,ECOG_56,65.87603972748387,-25.205505652073235,8.734724310688588,cc
57,ECOG_57,65.87242625493853,-13.37459896202967,6.549920208626672,cc
58,ECOG_58,63.903472040326214,-2.449190788640694,3.258288271783203,cc
59,ECOG_59,59.181256739089086,8.975485661882525,0.7385459880917642,cc
0,ECOG_0,39.549015404360134,-65.92704981092938,55.112324137321174,de
1,ECOG_1,41.75388091398754,-55.88207983445863,57.93139927899015,de
2,ECOG_2,43.31962957199962,-45.673711996705734,59.59497412536781,de
3,ECOG_3,46.05225842653227,-34.99136395515334,60.14470624531946,de
4,ECOG_4,46.855585430797284,-24.4357756621759,59.35284296420307,de
5,ECOG_5,41.82921282884307,-13.835126551264564,60.480325231800364,de
6,ECOG_6,37.16563120431371,-3.2386887929665895,59.39958687686116,de
7,ECOG_7,37.6360598420902,6.769327055593711,59.12298739009249,de
8,ECOG_8,46.8518169474088,-65.46570366496992,47.37381954328562,de
9,ECOG_9,48.29233898961928,-55.91934997757233,49.242954325755505,de
10,ECOG_10,52.89395913728547,-45.318700866661004,50.370436593352814,de
11,ECOG_11,54.11326873922559,-34.34619521525149,51.10626381908117,de
12,ECOG_12,53.94340634381226,-23.974429516216457,51.614338370167516,de
13,ECOG_13,51.10231927736983,-12.94064966682614,51.916852985161626,de
14,ECOG_14,47.232958228393926,-2.5812020104279267,51.39303599343542,de
15,ECOG_15,42.904269666734216,8.16242022910528,51.509455502652834,de
16,ECOG_16,51.09895262653916,-65.48254907542336,38.540937053139565,de
17,ECOG_17,55.51071248282556,-54.53046815667412,39.421201815779334,de
18,ECOG_18,57.846086412899204,-44.281250853600696,40.79590158833418,de
19,ECOG_19,60.02433274414181,-34.49790706430334,42.108115007591074,de
20,ECOG_20,59.38047801541479,-23.815559022750936,42.6578471275427,de
21,ECOG_21,58.155968063897596,-13.071936783217728,42.7742666367601,de
22,ECOG_22,54.784324305207484,-2.5980474208813606,42.560153503289385,de
23,ECOG_23,51.68487620256963,7.937116139435809,41.91272775908441,de
24,ECOG_24,55.492754379805895,-64.54722272566441,29.688589732677997,de
25,ECOG_25,58.7549605795665,-54.39202239586887,30.60914811006594,de
26,ECOG_26,61.81249364426755,-44.68227084718913,31.32278259724452,de
27,ECOG_27,63.947078691722005,-33.730189928439884,32.203047359884295,de
28,ECOG_28,63.36358966799771,-23.358424229404857,32.71112191097063,de
29,ECOG_29,62.48938575252158,-12.614801989871646,32.82754142018805,de
30,ECOG_30,60.3103155647516,-2.6680603392921456,32.98425454415361,de
31,ECOG_31,58.177133575526,7.536096145847375,32.439608767994756,de
32,ECOG_32,57.6790939644508,-64.05734515702125,20.62931852200707,de
33,ECOG_33,60.230476237183495,-54.61732648553834,21.012420366497523,de
34,ECOG_34,63.56826232556019,-44.265985519163586,21.66493245449528,de
35,ECOG_35,66.36378445372135,-34.09036045670778,22.441053294971802,de
36,ECOG_36,65.30829979874832,-22.590707093541393,22.806054263263867,de
37,ECOG_37,65.25159487245115,-12.664390175622163,23.107204924140852,de
38,ECOG_38,63.86752784069857,-2.562357353783978,23.28474683253907,de
39,ECOG_39,60.612412597018746,7.641799131355548,22.740101056380226,de
40,ECOG_40,56.433904104187434,-64.26222451403044,10.888153241527236,de
41,ECOG_41,61.086201700545665,-54.35633232877148,11.333741439315634,de
42,ECOG_42,65.90621096171681,-43.612710089238284,11.450160948533034,de
43,ECOG_43,66.4972089628986,-33.012060978326936,12.577643216130339,de
44,ECOG_44,66.38191683998836,-22.910028156488753,12.755185124528559,de
45,ECOG_45,66.41616445051994,-12.207255382276081,13.160479707568786,de
46,ECOG_46,64.30596390016973,-1.7537907525999838,13.09080411100948,de
47,ECOG_47,59.35764835967283,7.861943822801871,13.350297203021162,de
48,ECOG_48,58.08266287067657,-63.878681961301986,0.34284909287686427,de
49,ECOG_49,62.71309991798658,-53.58861519290803,1.4286737916088679,de
50,ECOG_50,66.30316856529535,-42.88584241869536,1.833968374649097,de
51,ECOG_51,67.30931939127159,-32.244343842463486,2.6725755684235715,de
52,ECOG_52,67.30712381127927,-22.142311020625296,2.850117476821791,de
53,ECOG_53,65.72474221483441,-11.790970054250536,3.502629564819552,de
54,ECOG_54,63.55149313612186,-1.451947130512587,3.123250110004764,de
55,ECOG_55,59.42124531746811,8.899393835862172,3.7757621980025253,de
56,ECOG_56,57.917073878623114,-63.07011536011799,-10.789293021857754,de
57,ECOG_57,62.22831842957256,-52.78004859172403,-9.600056447056037,de
58,ECOG_58,66.69387359140329,-42.38785816002874,-9.201787336293014,de
59,ECOG_59,67.9313694768422,-31.787209049117394,-7.966925805115018,de
60,ECOG_60,68.32127541315407,-21.52988505602053,-7.749662665347875,de
61,ECOG_61,66.50140930574092,-11.591250095464481,-6.289664061306955,de
62,ECOG_62,62.39282120741538,-1.0356618024870439,-7.156942893005851,de
63,ECOG_63,58.616070037959204,9.086795752011414,-7.120685724234587,de
0,ECOG_0,-28.910254130717252,52.35505875493772,35.37431485617234,fp
1,ECOG_1,-35.22213258549377,43.63465716955322,38.49168684962332,fp
2,ECOG_2,-39.396384752124575,27.279560048331255,48.01916717910254,fp
3,ECOG_3,-41.586093888183285,18.26148270901796,52.19023123087163,fp
4,ECOG_4,-40.567350572204894,9.628640045368838,55.79053971331099,fp
5,ECOG_5,-37.522712658198145,0.6105627060555565,59.9616037650801,fp
6,ECOG_6,-37.17164884076031,-8.880308230657223,64.22048689719054,fp
7,ECOG_7,-41.193067899397406,49.48317528196089,24.925350259110886,fp
8,ECOG_8,-45.62087092030183,40.937891540047104,29.008595230538617,fp
9,ECOG_9,-47.18829611169485,33.51331283640305,33.88207501926036,fp
10,ECOG_10,-49.08020109756427,25.528381613624127,38.360437399335105,fp
11,ECOG_11,-49.514594582713265,16.983097871710353,42.443682370762836,fp
12,ECOG_12,-50.54112168684088,6.931874415862715,46.30744809422628,fp
13,ECOG_13,-51.71800922195439,-2.173761845185922,49.99557565700701,fp
14,ECOG_14,-49.704347519320635,-12.22498530103356,53.859341380470454,fp
15,ECOG_15,-47.241002924473094,46.78640965245476,15.442258640026171,fp
16,ECOG_16,-47.924772608596875,31.20178188256107,23.828227830845925,fp
17,ECOG_17,-53.14377873098549,23.30440958151752,28.789526699909036,fp
18,ECOG_18,-58.031775722421976,13.725979723069372,32.565473343031115,fp
19,ECOG_19,-58.34506321743038,5.093137059420243,36.1657818254705,fp
20,ECOG_20,-58.52450707090746,-4.310174955557185,40.9076014465693,fp
21,ECOG_21,-55.68055391239053,-13.41581121660582,44.59572900935003,fp
22,ECOG_22,-48.90292777105714,44.6499965420835,6.354284429588475,fp
23,ECOG_23,-53.07000022948351,37.050299994968725,10.261891240333485,fp
24,ECOG_24,-54.39515934275864,29.065368772189803,14.740253620408224,fp
25,ECOG_25,-57.63864889414276,20.992878627675537,18.7356795114946,fp
26,ECOG_26,-59.74674158436179,12.062360210097614,23.389680052252064,fp
27,ECOG_27,-60.120174232378204,2.483930351649473,27.16562669537415,fp
28,ECOG_28,-60.997468545882,-6.534146987663805,31.336690747143237,fp
29,ECOG_29,-61.17059024444962,-16.672929365246798,34.71751998161832,fp
30,ECOG_30,-46.32712319416406,42.548582420434954,-5.734876192430771,fp
31,ECOG_31,-54.227503084200144,33.4079471706636,0.9544377819315001,fp
32,ECOG_32,-55.9685550222942,25.335457026149328,4.949863673017872,fp
33,ECOG_33,-58.92550261991778,17.262966881635048,8.94528956410424,fp
34,ECOG_34,-60.371793299105185,9.27803565885613,13.423651944178983,fp
35,ECOG_35,-60.080030803418424,-0.300394199592006,17.19959858730107,fp
36,ECOG_36,-63.87240904901639,-9.230912617169928,21.853599128058537,fp
37,ECOG_37,-63.93434997488769,-18.89690139735342,25.146609282192244,fp
38,ECOG_38,-26.095991268567204,36.0694680117328,-15.351656976056372,fp
39,ECOG_39,-48.704217610636505,27.699302113289743,-9.82167065051814,fp
40,ECOG_40,-51.42826695771563,19.71437089051083,-4.9167975675791356,fp
41,ECOG_41,-53.66568350885026,12.027115421660698,-1.165968167559962,fp
42,ECOG_42,-59.20998066734801,4.427418874545931,2.843027179494608,fp
43,ECOG_43,-63.55561515388751,-3.942747023897135,7.892145128899084,fp
44,ECOG_44,-65.51175214275969,-12.960824363210413,12.063209180668178,fp
45,ECOG_45,-65.80861114728755,-22.066460624259047,15.751336743448904,fp
46,ECOG_46,-33.18052592358575,29.888029356959457,-26.12248144260181,fp
47,ECOG_47,-54.809210168867274,22.078215977651244,-20.159747479021608,fp
48,ECOG_48,-53.167258302776425,13.235256481808678,-14.533578351204742,fp
49,ECOG_49,-56.46344094307172,5.548001012958552,-10.782748951185566,fp
50,ECOG_50,-59.50577109160011,-0.8084325854284206,-7.8493983983228945,fp
51,ECOG_51,-62.49240186816624,-8.320570210807835,-3.0407081176625246,fp
52,ECOG_52,-66.53571352387888,-17.25108862838576,1.8777018246308121,fp
53,ECOG_53,-68.0021993791066,-26.356724889434393,5.565829387411535,fp
54,ECOG_54,-42.83672956890948,21.832977256877992,-30.497974251948868,fp
55,ECOG_55,-49.646977934562194,15.5991015689491,-29.776528262647222,fp
56,ECOG_56,-55.59175472689549,7.614170346170185,-24.871655179708217,fp
57,ECOG_57,-59.30380668949796,0.39970847471955956,-21.217008581967683,fp
58,ECOG_58,-63.67272682442031,-7.0248702289245,-15.879387860986707,fp
59,ECOG_59,-66.13911955113582,-14.414449943845835,-13.282602143887361,fp
60,ECOG_60,-67.52895789266663,-22.10170541269596,-9.53177274386819,fp
61,ECOG_61,-68.87532530104022,-31.032223830273885,-4.434534056371915,fp
0,ECOG_0,-18.76161318727219,68.07344501853764,7.406441711365326,gc
1,ECOG_1,-26.3697594308338,63.483901744946515,16.702963254674433,gc
2,ECOG_2,-29.857774428544136,58.98303752866476,22.2412202714348,gc
3,ECOG_3,-34.4074989447352,51.74149782011262,29.45387402399429,gc
4,ECOG_4,-36.62867075611961,43.929176604008845,35.31518666727023,gc
5,ECOG_5,-39.51868522393527,36.043966971414484,39.977395093716375,gc
6,ECOG_6,-41.93365760248229,25.298347633570593,46.39796135155489,gc
7,ECOG_7,-41.338699511419634,16.107281071597566,51.17516079644008,gc
8,ECOG_8,-26.387125779299122,63.32613967422264,2.131551170506569,gc
9,ECOG_9,-33.245755589648724,59.32373858559777,8.434170527433778,gc
10,ECOG_10,-36.42252001432596,56.63896839525947,16.753509217290294,gc
11,ECOG_11,-39.16655074967778,52.22341560971254,21.871536827149786,gc
12,ECOG_12,-42.604467774439165,45.17619205665917,28.56522296954034,gc
13,ECOG_13,-44.92906510091668,36.85401635386026,33.855600232746575,gc
14,ECOG_14,-45.56183577181277,26.204616785366056,40.99411536690959,gc
15,ECOG_15,-46.868953010502445,15.53212669319414,45.92827051607435,gc
16,ECOG_16,-31.537648719198536,59.63709995016018,-3.263106007201497,gc
17,ECOG_17,-41.08546719812468,55.02336870326271,3.362869650358545,gc
18,ECOG_18,-46.408038776240375,49.2755647894455,9.192160770981548,gc
19,ECOG_19,-48.97305804259003,41.74697938609311,16.73525390670978,gc
20,ECOG_20,-48.19304886141341,31.14663196480866,20.719577982604697,gc
21,ECOG_21,-51.576919065584605,26.606988906547013,27.963469731317296,gc
22,ECOG_22,-52.19569764225695,16.002635613024665,34.430891532271005,gc
23,ECOG_23,-51.297443287763755,3.800250895710192,39.18169852969125,gc
24,ECOG_24,-33.975765680403,48.269492654831204,-8.752773291097547,gc
25,ECOG_25,-44.74955747507833,49.41273321097917,-1.1106083991401587,gc
26,ECOG_26,-50.361583356703036,41.992077469492614,5.06085402945759,gc
27,ECOG_27,-52.897681299981926,36.842209650835684,7.917292123715943,gc
28,ECOG_28,-54.079522071698676,27.133445033580966,12.89040265516347,gc
29,ECOG_29,-56.741016619155694,20.08356766464297,20.122783576982208,gc
30,ECOG_30,-57.61074379031664,10.721787804411466,25.751409908562533,gc
31,ECOG_31,-57.36833995441505,2.458313382153599,31.47760472757556,gc
32,ECOG_32,-54.17508274193015,-70.08725053184983,18.394523547190566,gc
33,ECOG_33,-58.40791002440491,-60.718103085523126,14.591457907363882,gc
34,ECOG_34,-64.04851359839382,-50.51610388763833,10.204626438417352,gc
35,ECOG_35,-67.29269967264995,-40.240400341152785,6.2231723955779525,gc
36,ECOG_36,-68.9184092429287,-29.692345899436184,0.7885240354217963,gc
37,ECOG_37,-67.6152356287949,-20.082083107385788,-4.273343736894973,gc
38,ECOG_38,-65.05369060019639,-9.978356374302034,-9.669948412437304,gc
39,ECOG_39,-61.48743790265542,-0.23858556794323654,-14.834824822612566,gc
40,ECOG_40,-53.072191082456854,-66.28412091931143,28.982937246057734,gc
41,ECOG_41,-58.042641906853184,-56.42817696525847,25.64392266832083,gc
42,ECOG_42,-63.423997032537855,-46.51642934549788,21.874046606903544,gc
43,ECOG_43,-63.95874115010564,-36.02417856948891,16.870259730427765,gc
44,ECOG_44,-65.00225248509693,-26.210703414529345,12.559880434200966,gc
45,ECOG_45,-64.32869116955538,-16.180681030046358,7.2271683043377895,gc
46,ECOG_46,-62.128508218966594,-6.742395051397754,1.5910149786604626,gc
47,ECOG_47,-57.21205736772879,3.071080103561814,-2.9783513954297938,gc
48,ECOG_48,-52.45271859863836,-62.06789914764756,39.63002458090755,gc
49,ECOG_49,-57.35625710750365,-52.2119551935946,36.29101000317064,gc
50,ECOG_50,-61.71347002525979,-41.83797918230803,32.85005919514075,gc
51,ECOG_51,-65.49517550039931,-31.734252449224268,27.922724491384713,gc
52,ECOG_52,-64.43300065964618,-22.068185991466233,22.801590342943644,gc
53,ECOG_53,-64.76950318516288,-12.524960114709485,17.004827150990693,gc
54,ECOG_54,-61.47755717306661,-2.5261732797338787,12.238102313510273,gc
55,ECOG_55,-60.88255353602285,6.800505367499458,7.463671955193703,gc
56,ECOG_56,-48.44760778049931,-57.536857681659235,49.79528231693049,gc
57,ECOG_57,-54.312215078552505,-47.76795294282129,47.45311651525672,gc
58,ECOG_58,-58.383479120224365,-37.66422620973753,42.52578181150067,gc
59,ECOG_59,-61.65147701821505,-27.51803067756039,38.56981182623452,gc
60,ECOG_60,-62.69305248561953,-18.338760727528598,32.98462661570368,gc
61,ECOG_61,-62.55236121600301,-9.288998791805202,27.42492546274608,gc
62,ECOG_62,-59.326450217076314,0.2229915354441667,22.194149563175895,gc
63,ECOG_63,-61.32992803418924,10.253013919927154,16.861437433312716,gc
0,ECOG_0,42.91552694623853,27.693131482215716,-27.972952399514103,gf
1,ECOG_1,48.484848484848484,21.798616934768955,-23.498755309793136,gf
2,ECOG_2,54.54545454545455,13.222864509518345,-19.200898611562465,gf
3,ECOG_3,61.21921744156302,3.881747996668375,-15.591000772674866,gf
4,ECOG_4,63.63636363636364,-4.694004428582238,-11.293144074444191,gf
5,ECOG_5,67.09636193969446,-13.07718404632996,-7.939055469482993,gf
6,ECOG_6,67.96451517668275,-22.514586962931375,-3.85727358396066,gf
7,ECOG_7,67.34375718640739,-31.7594170720299,-0.7192597917077999,gf
8,ECOG_8,47.16045388572864,30.41019470586478,-16.874975950288757,gf
9,ECOG_9,50.34717583419538,24.70825296592091,-13.344546953837268,gf
10,ECOG_10,56.075092352967594,16.13250054067029,-9.046690255606595,gf
11,ECOG_11,59.40296081488875,7.653034519171122,-5.220717604010655,gf
12,ECOG_12,63.41987455978684,-0.7301450985765958,-1.8666289990494547,gf
13,ECOG_13,65.05774010536908,-9.736722769502611,2.1211737456246973,gf
14,ECOG_14,66.9804390371479,-19.077839282352578,5.4171674246090245,gf
15,ECOG_15,65.91582954022638,-27.98813054952715,8.811803952873248,gf
16,ECOG_16,54.00208575498297,36.670146298668485,-5.3845842968647855,gf
17,ECOG_17,56.09970960215211,28.5758258921751,-3.4461478318077923,gf
18,ECOG_18,58.7720422183247,19.903787063173038,1.208497877139564,gf
19,ECOG_19,59.91572170495235,10.562670550323071,4.5044915561238925,gf
20,ECOG_20,64.25218674782624,2.5140297744993054,8.096413782947904,gf
21,ECOG_21,66.1062538378147,-6.92337314210211,11.823258113207425,gf
22,ECOG_22,67.38388283569242,-15.737378005525233,14.787043990196453,gf
23,ECOG_23,66.4734746537116,-25.605606167802048,18.41524547117608,gf
24,ECOG_24,51.907272556200674,41.59194252377637,3.4568935842032493,gf
25,ECOG_25,56.48134934463951,32.6816512566018,6.851530112467471,gf
26,ECOG_26,59.10088009441478,23.675073585675793,10.677017292006889,gf
27,ECOG_27,61.91995833243158,13.80684542339897,14.305218772986516,gf
28,ECOG_28,58.70496752379924,5.327379401899807,17.79849815053063,gf
29,ECOG_29,63.89796222265178,-3.4866254615233165,20.76228402751966,gf
30,ECOG_30,65.47538929110746,-13.689392465724088,23.8609920079442,gf
31,ECOG_31,48.52066004324159,45.93602032637559,14.415250651455947,gf
32,ECOG_32,52.7650003866921,36.26036497160167,17.181750829885186,gf
33,ECOG_33,56.45780933725355,26.153884371152344,19.849608159034528,gf
34,ECOG_34,59.034302549664574,17.24359310397777,23.244244687298746,gf
35,ECOG_35,60.76172151509349,7.806190187376349,26.971089017558274,gf
36,ECOG_36,62.137065637434326,-1.4386399217221713,29.8362320452674,gf
37,ECOG_37,62.16608067170642,-11.114295276496097,32.60273222369665,gf
38,ECOG_38,61.828533581568706,-21.028203069442537,34.40888825029559,gf
39,ECOG_39,43.12674013084294,47.984005866176744,23.48919866920369,gf
40,ECOG_40,48.26357548338966,37.877525265727414,26.157055998353034,gf
41,ECOG_41,50.14638545350165,28.536408752877435,29.45304967733737,gf
42,ECOG_42,54.090874560206636,18.86075339810351,32.2195498557666,gf
43,ECOG_43,56.989958209250894,9.327064077750645,36.37724483730132,gf
44,ECOG_44,56.931947250601475,0.6093456180789717,38.91018006301516,gf
45,ECOG_45,56.835933540695336,-9.5934213861218,42.00888804343968,gf
46,ECOG_46,58.20767993983446,-19.076503933392832,43.913686919318536,gf
47,ECOG_47,36.517382020733294,49.793738967805346,31.60280253512115,gf
48,ECOG_48,40.74683581938636,40.54890885870684,34.46794556283029,gf
49,ECOG_49,42.922151347982364,30.680680696430024,38.096147043809914,gf
50,ECOG_50,45.56228468034413,21.243277779828613,41.82299137406944,gf
51,ECOG_51,49.66900563020337,11.471336021303244,45.02034220377387,gf
52,ECOG_52,49.65695970102616,2.5610447541286723,48.414978732038094,gf
53,ECOG_53,52.033017124461146,-7.783688284493165,50.12249190935714,gf
54,ECOG_54,52.42654825848722,-18.22470772686645,52.26085573795141,gf
55,ECOG_55,23.916356144853545,50.503569139910695,38.55877655064854,gf
56,ECOG_56,30.971617932242093,43.124006047934834,43.20968577858273,gf
57,ECOG_57,35.661500289388265,32.72866623623117,47.17009506155766,gf
58,ECOG_58,36.800903167685064,23.38754972338121,50.466088740541984,gf
59,ECOG_59,39.51489013431481,14.380972052455187,54.2915759200814,gf
60,ECOG_60,41.91473849167004,4.2744914520058614,56.95943324923074,gf
61,ECOG_61,41.12157658032189,-5.877668779113088,57.80524512399941,gf
62,ECOG_62,40.67780038468954,-16.126115413983477,59.08190765004328,gf
0,ECOG_0,67.66162754223589,-16.23064490501134,-17.046602132610627,hh
1,ECOG_1,68.16359066081986,-26.784335304787135,-13.140858063859598,hh
2,ECOG_2,67.52381865987802,-37.69127277671961,-9.128929441184125,hh
3,ECOG_3,64.97166697281128,-48.00985101203106,-4.641992390375439,hh
4,ECOG_4,61.0018118950634,-57.54752196026128,-1.775009434415392,hh
5,ECOG_5,67.96451517668275,-22.964630870432114,-2.229511064906266,hh
6,ECOG_6,67.30931939127159,-33.00321752543444,1.4634976375683904,hh
7,ECOG_7,66.18899404856352,-43.82155381659764,4.6558587195017305,hh
8,ECOG_8,61.48019523294103,-53.962929690370586,7.81121896661243,hh
9,ECOG_9,55.279010635762155,21.157088818547646,-7.506943705379048,hh
10,ECOG_10,58.05111572978503,10.544330964925676,-3.2575108686369694,hh
11,ECOG_11,63.26337201532249,0.6085335286939684,0.8686670490994186,hh
12,ECOG_12,63.12615672278792,-8.723558981995005,4.1739029952854105,hh
13,ECOG_13,66.55123399232885,-19.042137217306472,8.270671606893341,hh
14,ECOG_14,65.81043499118682,-29.625361344005352,11.99368715070541,hh
15,ECOG_15,65.76963950020297,-39.958127617318176,15.275973652083927,hh
16,ECOG_16,63.53909687721032,-49.65765523816519,17.863678602493266,hh
17,ECOG_17,59.175420635476534,24.623546180745986,3.205319339020579,hh
18,ECOG_18,61.603037741586505,14.525892071897484,7.018260302277826,hh
19,ECOG_19,62.6310172125701,4.913807980899368,10.921126684980246,hh
20,ECOG_20,64.39595345463299,-5.183846127949129,14.73406764823749,hh
21,ECOG_21,66.41008219899047,-15.767070254648008,18.457083192049563,hh
22,ECOG_22,66.18777171265458,-25.481943564416742,22.016171646771173,hh
23,ECOG_23,65.8855877208929,-36.300279855579944,25.20853272870452,hh
24,ECOG_24,62.568012937699685,-45.97027374950387,27.63933628503098,hh
25,ECOG_25,57.24205384427372,28.488130030945825,12.039568657061073,hh
26,ECOG_26,60.62470877497707,18.49326514086794,16.196287548299118,hh
27,ECOG_27,61.21731284168757,8.24794239740401,20.793735481970725,hh
28,ECOG_28,63.41492639626449,-1.2613524748234908,25.04037979265394,hh
29,ECOG_29,62.80098284023521,-11.520863256288784,28.82334561609613,hh
30,ECOG_30,63.36358966799771,-22.398267001298162,32.32950948619521,hh
31,ECOG_31,63.73220906089114,-32.09779462214517,34.917214436604546,hh
32,ECOG_32,59.74397487823536,-42.63613933299923,37.511945082021455,hh
33,ECOG_33,52.38499276569398,32.79340448315123,22.092028292941905,hh
34,ECOG_34,56.247746643548865,22.96039626569014,26.278722323995,hh
35,ECOG_35,58.1983403531755,12.582750576532495,30.68929372376868,hh
36,ECOG_36,59.462897055419724,2.323239795067202,34.47225954721086,hh
37,ECOG_37,58.776375175228395,-8.157195112861059,38.53905301900373,hh
38,ECOG_38,58.621408343925815,-18.681351785713765,41.948265774650075,hh
39,ECOG_39,59.50944545949287,-28.67505902487127,44.31911905134641,hh
40,ECOG_40,55.85958474857331,-39.05154706310854,46.943824836578386,hh
0,ECOG_0,-50.91263825849448,42.514912722765544,8.3275047567483,hl
1,ECOG_1,-51.971217170674976,36.33276650100854,15.241481845580306,hl
2,ECOG_2,-53.13993901438639,29.040708263531453,22.624843592123675,hl
3,ECOG_3,-53.991174240792205,22.118620697961063,29.85174378609659,hl
4,ECOG_4,-55.08156847448999,14.45659178857728,37.39156708521041,hl
5,ECOG_5,-51.850166104401374,7.390869497255546,44.218546687765546,hl
6,ECOG_6,-49.442602361185564,-0.5584288636309217,50.95852880404379,hl
7,ECOG_7,-46.12373701905705,-8.459848982600278,57.83181778412798,hl
8,ECOG_8,-54.028256834553005,36.73758697942115,0.9432501920187235,hl
9,ECOG_9,-55.17105011008285,30.205781254206567,8.4657632756958,hl
10,ECOG_10,-56.92883886064748,23.28369368863617,15.692663469668712,hl
11,ECOG_11,-59.605647956069326,15.848000725407742,22.6761046247943,hl
12,ECOG_12,-60.342445316898946,8.782278434086013,29.503084227349422,hl
13,ECOG_13,-59.44515399899571,1.57292141701294,35.93014323848674,hl
14,ECOG_14,-57.4752191128904,-6.136985734287963,43.33665967379466,hl
15,ECOG_15,-52.165949213704984,-13.545111624048385,50.00133325045156,hl
16,ECOG_16,-52.6152497929194,30.446655838418728,-7.321078974563733,hl
17,ECOG_17,-52.721433568370145,24.209375469725718,0.8670488342111768,hl
18,ECOG_18,-58.25194836600058,17.486056776842677,7.856334462664526,hl
19,ECOG_19,-60.63836189168911,10.488523895887168,15.268695371300193,hl
20,ECOG_20,-61.529786643709556,3.08039800612674,21.9333689479571,hl
21,ECOG_21,-61.929610436158605,-4.081080769029221,28.49373482290036,hl
22,ECOG_22,-60.30046896345789,-11.640097289559883,35.52932982888275,hl
23,ECOG_23,-58.954604634155274,-19.78090861811481,41.73608448993728,hl
24,ECOG_24,-42.92847535723225,23.347593943236685,-15.973648093796138,hl
25,ECOG_25,-53.03780997347003,16.986990017241443,-7.64582332130079,hl
26,ECOG_26,-53.679226327176075,11.195125635840247,0.2286208590876147,hl
27,ECOG_27,-61.23017465187712,4.690886984093667,7.432366364296008,hl
28,ECOG_28,-61.06346572911348,-2.2790788233938395,14.525959694462994,hl
29,ECOG_29,-64.00760138057737,-9.440557598549798,21.086325569406256,hl
30,ECOG_30,-63.58159671347309,-16.72535993100799,27.698845295206336,hl
31,ECOG_31,-62.8136283002515,-25.064940132250268,34.14321452178043,hl
32,ECOG_32,-51.372653879873866,17.200297527985587,-23.889802345208505,hl
33,ECOG_33,-53.04715884101275,11.134218958511932,-15.530216585659698,hl
34,ECOG_34,-56.702543215329584,4.753303864067584,-7.697520964227018,hl
35,ECOG_35,-60.455182759451255,-1.2097623165529572,0.10026565042325025,hl
36,ECOG_36,-63.6888997192636,-8.275484607874688,6.927245252978376,hl
37,ECOG_37,-65.68989557064758,-15.12212685805996,13.968684732288544,hl
38,ECOG_38,-65.01794254424722,-22.530252747820388,20.633358308945446,hl
39,ECOG_39,-65.58222077506505,-30.082013363332152,26.898111294184552,hl
40,ECOG_40,-51.65167010485574,10.416072157774229,-32.01548132632478,hl
41,ECOG_41,-56.86893748202026,4.994178448279739,-24.290626383600436,hl
42,ECOG_42,-61.48743790265542,-1.243101920413268,-16.01992249537684,hl
43,ECOG_43,-63.720021323277,-7.747340572159849,-8.130105989672408,hl
44,ECOG_44,-65.74157299581537,-13.881608551999731,-0.41165213678323936,hl
45,ECOG_45,-66.83077359870266,-21.317301515228163,6.607584856323493,hl
46,ECOG_46,-65.18907299454472,-28.287267322715664,13.70117818649048,hl
47,ECOG_47,-63.394757496338705,-35.44874609787162,20.261544061433742,hl
48,ECOG_48,-50.088763143727476,3.7754815133142148,-39.703152040650124,hl
49,ECOG_49,-55.906073757994136,-1.3997650815758145,-32.0925388664693,hl
50,ECOG_50,-62.64910142497263,-7.438276577581468,-24.082079502386186,hl
51,ECOG_51,-65.79377294985316,-13.695868114723586,-16.306504765225256,hl
52,ECOG_52,-67.3810079749143,-19.83013609456347,-8.58805091233609,hl
53,ECOG_53,-68.50333467278632,-26.875547217436097,-0.6157536251416155,hl
54,ECOG_54,-68.45272417452509,-34.578198463718095,6.073464582913565,hl
55,ECOG_55,-64.80986627679839,-41.25363891468402,13.196057075172849,hl
56,ECOG_56,-52.115866192612394,-3.4556163907965423,-44.426448938434646,hl
57,ECOG_57,-54.142969241497305,-9.013888921023478,-37.98385780902959,hl
58,ECOG_58,-61.13646316933446,-13.736463623602795,-31.591986474061105,hl
59,ECOG_59,-61.13646316933446,-19.843164529974672,-24.222659016637625,hl
60,ECOG_60,-64.63321013325304,-25.88167602598033,-16.212199652554514,hl
61,ECOG_61,-68.12995709717163,-32.481671161561145,-8.614388658044028,hl
62,ECOG_62,-68.96489127967513,-40.327957133594474,-1.7847535184070407,hl
63,ECOG_63,-64.58041718990042,-47.64032653952067,5.301729743984073,hl
0,ECOG_0,-62.81966023750574,-50.101411448450136,23.41007497771011,jc
1,ECOG_1,-64.37973168894806,-38.36692925433023,23.038534116207256,jc
2,ECOG_2,-65.23033666268397,-26.77513984626821,23.031771930464313,jc
3,ECOG_3,-63.97559817492103,-15.51342396441301,22.706987652567843,jc
4,ECOG_4,-62.203637631866954,-4.309725256117805,21.949608321774647,jc
5,ECOG_5,-62.4380914785605,6.421207139912686,21.238985574587833,jc
6,ECOG_6,-58.85022789785872,18.369728513119437,20.32027669944509,jc
7,ECOG_7,-52.74089278282323,29.560098001945686,20.17788175942857,jc
8,ECOG_8,-59.62843073118543,-49.92658826018655,34.00044237518721,jc
9,ECOG_9,-62.38377285950489,-38.04941328000873,33.264122837924425,jc
10,ECOG_10,-63.69685847429714,-26.98840735777142,32.87152218289116,jc
11,ECOG_11,-62.45714362679148,-15.12456159706257,32.75018703640505,jc
12,ECOG_12,-60.33943695152544,-4.134902067854201,32.53997571925175,jc
13,ECOG_13,-59.600696945393736,7.068796640441006,31.782596388458554,jc
14,ECOG_14,-55.41311440849068,18.34384174176516,30.842827719785397,jc
15,ECOG_15,-50.30360730970724,29.47619405703142,30.267837726872166,jc
16,ECOG_16,-54.678058628552556,-49.75176507192293,44.59080977266431,jc
17,ECOG_17,-57.25103314503404,-38.36068562347879,44.516231209784586,jc
18,ECOG_18,-59.39761633019174,-26.755566995947817,43.89448463326497,jc
19,ECOG_19,-57.63329909506759,-15.279811935005783,43.02253234172861,jc
20,ECOG_20,-57.39309999449184,-4.562208758444243,42.92689398531847,jc
21,ECOG_21,-54.0150701073824,6.784182735908852,41.80473597876536,jc
22,ECOG_22,-50.04047794277881,18.38930136343982,41.182989402245745,jc
23,ECOG_23,-44.12358750263556,28.90619458038348,41.019534668698824,jc
24,ECOG_24,-48.82634683076864,-49.95170336395718,53.81557563431448,jc
25,ECOG_25,-50.88730225060432,-38.21722116983729,53.44403477281162,jc
26,ECOG_26,-53.926764415019655,-27.214232421159956,52.61883906488163,jc
27,ECOG_27,-50.81451225313325,-16.224572891951585,52.40862774772832,jc
28,ECOG_28,-50.64106592790363,-5.092220576685324,51.8336377548151,jc
29,ECOG_29,-46.190878531807236,6.383534484256712,50.96168546327874,jc
30,ECOG_30,-43.621590401074364,17.716596759140856,50.45451184750229,jc
31,ECOG_31,-37.587899416243744,27.100576611406154,49.70176951325466,jc
32,ECOG_32,-39.99232541580562,-50.169671171144586,60.762793270737895,jc
33,ECOG_33,-45.707037025570806,-38.778591722700455,60.68821470785816,jc
34,ECOG_34,-47.07073593528377,-28.261698505756794,60.52475997431124,jc
35,ECOG_35,-44.16736029096145,-17.472748936166308,60.24673228002115,jc
36,ECOG_36,-41.94370441343111,-5.996993875224275,59.374779988484775,jc
37,ECOG_37,-38.4501430927342,5.005994873453049,58.54958428055479,jc
38,ECOG_38,-35.97742621478116,16.52643788848613,58.72521143269183,jc
39,ECOG_39,-23.878377696998857,26.66856962513191,57.19615516331797,jc
40,ECOG_40,-29.531333527656464,-51.49389390407245,65.89075452490725,jc
41,ECOG_41,-38.58957127042246,-40.47287564024199,67.343107042204,jc
42,ECOG_42,-38.35536489305465,-29.282506151415728,67.20071210218751,jc
43,ECOG_43,-36.21915839625912,-18.55157375538524,66.49008935500068,jc
44,ECOG_44,-32.77182769533659,-7.477238613678972,65.48250430919073,jc
45,ECOG_45,-31.600633137678553,2.8656030825847023,64.02126441695366,jc
46,ECOG_46,-23.598282447963623,15.059522369500373,64.21795136262108,jc
47,ECOG_47,-8.892642487280897,25.05896132008827,63.05367376900717,jc
0,ECOG_0,-55.19372538305949,27.67555499785239,13.348539421966121,jf
1,ECOG_1,-59.20797432006088,17.477241497873074,18.644393439974703,jf
2,ECOG_2,-62.271256182598854,8.357830983112596,22.63148365286274,jf
3,ECOG_3,-62.305238484909204,-1.8404825168667278,27.927337670871324,jf
4,ECOG_4,-62.207415031287766,-12.130331010535357,32.00762539611559,jf
5,ECOG_5,-61.93349621381785,-21.24974152529583,35.99471560900363,jf
6,ECOG_6,-60.71887323016263,-32.74053966243572,39.763012082349356,jf
7,ECOG_7,-53.1858823276596,33.63027461159279,-1.5248478678585824,jf
8,ECOG_8,-55.36136267670161,23.791595440019748,3.4673470152134636,jf
9,ECOG_9,-58.648223359729805,14.343062261416096,8.29588059406312,jf
10,ECOG_10,-61.52364102944849,4.92504074737555,13.52960293716755,jf
11,ECOG_11,-62.579136234796124,-5.3648077462930805,17.60989066241182,jf
12,ECOG_12,-63.97559817492103,-15.172975253303019,22.874678842968326,jf
13,ECOG_13,-62.71896517556852,-24.26187410350039,27.26695782011113,jf
14,ECOG_14,-64.02871194366126,-35.78318390520338,30.630065529202092,jf
15,ECOG_15,-47.70843380671261,28.155219417319504,-12.654786433933806,jf
16,ECOG_16,-51.04652982552736,19.45646656009152,-7.8782196618915785,jf
17,ECOG_17,-55.62314542554868,10.068956710614076,-1.7022694014505495,jf
18,ECOG_18,-59.345516049091216,0.980057860416707,2.838033001905349,jf
19,ECOG_19,-63.6888997192636,-8.858621311156334,7.6976324182070845,jf
20,ECOG_20,-66.17581931917672,-18.307154489759984,12.52616599705674,jf
21,ECOG_21,-65.58695645053932,-28.566491318865513,17.01164248655578,jf
22,ECOG_22,-64.37973168894806,-39.215974140940425,21.5281848135069,jf
23,ECOG_23,-39.91171584925399,24.240748194923764,-23.920822954560993,jf
24,ECOG_24,-48.25957218614868,15.182361009289501,-18.666453523506494,jf
25,ECOG_25,-55.51450828579897,6.12397382365523,-13.41208409245201,jf
26,ECOG_26,-60.79338213183334,-2.9344133619790322,-8.157714661397515,jf
27,ECOG_27,-65.99381363284495,-12.382946540582687,-2.8693207417050335,jf
28,ECOG_28,-67.83340884199917,-22.550748375998907,3.0812281920109332,jf
29,ECOG_29,-68.17270086145427,-32.87110853423064,6.7563271530004325,jf
30,ECOG_30,-64.61298538762786,-43.910737349274946,11.303935317403628,jf
31,ECOG_31,-45.715195273686035,20.295765307964928,-35.63063764556245,jf
32,ECOG_32,-51.89291415828035,10.877743793924369,-29.898465555495687,jf
33,ECOG_33,-58.772517621116336,1.788844943727004,-25.087874294815474,jf
34,ECOG_34,-63.77033119011622,-7.300053906470364,-20.27728303413526,jf
35,ECOG_35,-66.29115035963147,-17.0777097489172,-14.067308285056237,jf
36,ECOG_36,-68.50053791659995,-26.526242927520855,-8.778914365363756,jf
37,ECOG_37,-69.00501012852652,-37.17572574959577,-3.832225150131577,jf
38,ECOG_38,-64.38218629976092,-47.46557424326439,0.5812995446893524,jf
0,ECOG_0,-30.786184783094715,58.973257513051934,18.209683229652548,jm
1,ECOG_1,-41.604166811045594,50.422317677655236,24.708678824025398,jm
2,ECOG_2,-44.94495094766511,41.74201708249886,30.14660121316181,jm
3,ECOG_3,-46.39539270079312,32.68009148964688,36.71190956132304,jm
4,ECOG_4,-46.95202708649404,23.042499759459762,42.812994060654404,jm
5,ECOG_5,-47.03093190520827,13.275547269512959,47.85300535474932,jm
6,ECOG_6,-45.114935087407474,2.5513036445354227,53.556178759039206,jm
7,ECOG_7,-46.12373701905705,-8.43166149996149,57.137205752856175,jm
8,ECOG_8,-41.52065464519801,55.765067645393565,8.92527539767797,jm
9,ECOG_9,-47.241002924473094,46.63846167266175,14.960047143220972,jm
10,ECOG_10,-50.958997876147784,37.38249494017023,19.933745683527526,jm
11,ECOG_11,-52.55716991777163,27.744903209983118,26.034830182858894,jm
12,ECOG_12,-54.550341390275804,18.171991859675853,32.66645128480848,jm
13,ECOG_13,-56.52469704744482,8.46971974960889,38.236999181521625,jm
14,ECOG_14,-57.01079545811767,-2.448565015008177,42.34856277795683,jm
15,ECOG_15,-54.63736322375318,-12.215517504954983,47.38857407205175,jm
16,ECOG_16,-45.557216453182605,51.40554550306496,-1.41020681119025,jm
17,ECOG_17,-51.67578414146845,42.21425915045328,4.21665501096846,jm
18,ECOG_18,-54.91753943162997,33.022972797841604,9.720890153893235,jm
19,ECOG_19,-56.92883886064748,23.385381067654496,15.821974653224606,jm
20,ECOG_20,-58.93807311800402,13.747789337467376,21.92305915255597,jm
21,ECOG_21,-60.49866904680905,4.0455172274004205,27.493607049269116,jm
22,ECOG_22,-60.047748058185796,-6.167740640121828,33.13046769977063,jm
23,ECOG_23,-59.41030919938088,-16.510359267403764,37.70625514503567,jm
24,ECOG_24,-42.34311870498524,44.937399951035346,-12.886266129917775,jm
25,ECOG_25,-50.13515800959425,36.832765493214076,-6.42201072643091,jm
26,ECOG_26,-53.04661665707777,27.64147914060241,-0.3935627127513946,jm
27,ECOG_27,-56.458001840949265,18.450192787990737,5.14489527476046,jm
28,ECOG_28,-58.78301612788563,9.323586815258906,11.17966702030346,jm
29,ECOG_29,-60.58911201676729,-1.9116425671739108,16.949153178381703,jm
30,ECOG_30,-64.03828430787608,-11.678595057120715,21.989164472476624,jm
31,ECOG_31,-64.32482413444927,-21.44554754706752,27.029175766571544,jm
32,ECOG_32,-10.389322439537432,38.66329553864526,-22.619133754328274,jm
33,ECOG_33,-25.60299232904817,32.40856297100561,-18.18858306175509,jm
34,ECOG_34,-47.49426719213918,23.217276618393935,-12.160135048075572,jm
35,ECOG_35,-54.14821016186268,14.090670645662106,-5.550623136290383,jm
36,ECOG_36,-58.51528492737473,4.388398535595153,0.5025876418393158,jm
37,ECOG_37,-63.248068715579144,-6.335845089382379,6.205761046129193,jm
38,ECOG_38,-64.88032543195405,-15.527131441994053,11.709996189053971,jm
39,ECOG_39,-64.56563504402224,-25.869750069275984,16.28578363431903,jm
40,ECOG_40,-31.347712596613036,33.7281072589815,-34.31307783550329,jm
41,ECOG_41,-34.85449260254399,26.96238893388656,-29.809898888780943,jm
42,ECOG_42,-50.95084335022155,17.771102581274892,-23.781450875101424,jm
43,ECOG_43,-52.79533278143033,8.579816228663226,-17.753002861421912,jm
44,ECOG_44,-60.676894265598484,-1.0577755015238917,-11.070862695487552,jm
45,ECOG_45,-65.91062624711353,-11.271033369046137,-4.897158173509708,jm
46,ECOG_46,-67.58261683811148,-21.48429123656838,1.1655423181665603,jm
47,ECOG_47,-68.53718362810011,-32.20853486154591,6.8687157224564395,jm
48,ECOG_48,-33.13902082612842,27.77094746440718,-45.86176540837998,jm
49,ECOG_49,-36.006444335827496,20.11261838416135,-40.051202157147955,jm
50,ECOG_50,-50.16167328489687,11.878623166580416,-34.74907454987244,jm
51,ECOG_51,-56.60626757042989,3.198322571424026,-28.793254790342086,jm
52,ECOG_52,-63.24092188491011,-6.503949538642933,-22.692178522513405,jm
53,ECOG_53,-65.94500992675019,-17.16351278374062,-15.864781848280717,jm
54,ECOG_54,-68.50053791659995,-27.44145103114271,-10.27214122440855,jm
55,ECOG_55,-69.00501012852652,-37.01436238144998,-3.0089371603685193,jm
56,ECOG_56,-30.630449571071058,20.222607299170615,-53.05249267792028,jm
57,ECOG_57,-23.13016394985402,5.475157994430644,-45.64406997049428,jm
58,ECOG_58,-51.87374789921229,-3.334503360485434,-40.85037800717529,jm
59,ECOG_59,-58.529145588583305,-12.396428953337418,-33.659802197284414,jm
60,ECOG_60,-63.5432426832454,-22.545006440979815,-26.90503377720089,jm
61,ECOG_61,-67.431290409151,-32.82294468838191,-21.312393153328728,jm
62,ECOG_62,-68.38851571630374,-43.28846679384006,-12.741804784779019,jm
0,ECOG_0,-38.19512247738514,32.90159053807185,45.48762127817412,jp
1,ECOG_1,-38.91328151755652,22.972237464648238,51.319069002158784,jp
2,ECOG_2,-39.58852921370755,12.906641904869558,56.99161574440383,jp
3,ECOG_3,-37.015907476948584,2.4336689096138695,59.63312185968284,jp
4,ECOG_4,-36.64039186910665,-8.090901276870552,63.17291673746464,jp
5,ECOG_5,-36.21915839625912,-18.743114417838594,66.40409583975634,jp
6,ECOG_6,-33.333333333333336,-30.366224027035074,68.82239765737151,jp
7,ECOG_7,-30.820017842869195,-40.378872371996806,71.04231795536663,jp
8,ECOG_8,-46.40051152822174,30.14504273066097,37.79978545488897,jp
9,ECOG_9,-48.14250820800648,19.551676289204902,42.53729868267452,jp
10,ECOG_10,-48.595209197450565,8.915312188391553,48.0233858792124,jp
11,ECOG_11,-48.27496772551723,-1.3367730253827208,51.8809827204735,jp
12,ECOG_12,-48.002001348548525,-12.73899485309778,55.51537526407073,jp
13,ECOG_13,-47.58171922330163,-23.263565039582204,59.05517014185253,jp
14,ECOG_14,-45.4660306725558,-34.02622207129095,61.678303881153205,jp
15,ECOG_15,-40.87360570674097,-44.14931430699339,63.290178816157294,jp
16,ECOG_16,-52.57895271263078,26.34155269176678,28.09216780893438,jp
17,ECOG_17,-55.85527144742217,15.72238765469634,33.27882541797132,jp
18,ECOG_18,-55.030715219095974,4.822138113044297,38.29739585727946,jp
19,ECOG_19,-57.4752191128904,-5.75402926466886,42.73547949756407,jp
20,ECOG_20,-55.19490066339767,-16.883766119673776,46.68767400464059,jp
21,ECOG_21,-55.323498946397514,-27.408336306158194,50.2274688824224,jp
22,ECOG_22,-52.70880565479768,-38.43487877870563,52.38308586449332,jp
23,ECOG_23,-47.35949131486198,-48.038799664602145,55.07970910770736,jp
24,ECOG_24,-58.08990335501008,21.32047980754836,16.804726533572563,jp
25,ECOG_25,-61.28540917714079,10.973799743188076,22.309186106088788,jp
26,ECOG_26,-62.28356155327992,0.05635113779312373,27.627186132897855,jp
27,ECOG_27,-61.67767429140036,-10.255930799081343,32.53278653041221,jp
28,ECOG_28,-61.0571703189258,-21.121782213247556,36.952497794718475,jp
29,ECOG_29,-59.61148058986596,-31.953235499927956,40.77334988402288,jp
30,ECOG_30,-57.44754508255974,-42.690093936022336,42.94733924207213,jp
31,ECOG_31,-54.04127721335541,-52.42165777640246,45.33534670979607,jp
32,ECOG_32,-58.57788504396708,15.796084613678714,6.687445044246962,jp
33,ECOG_33,-61.87732647237393,4.614750567445067,11.537928313826281,jp
34,ECOG_34,-62.579136234796124,-4.564593819231519,16.966162596505423,jp
35,ECOG_35,-64.51497595520374,-25.435844070076232,26.010417046803457,jp
36,ECOG_36,-55.423777459469704,-57.649119425535815,37.64106048444546,jp
37,ECOG_37,-55.268814112457626,10.468128629264331,-4.73026654526772,jp
38,ECOG_38,-58.305820805226354,0.9733016105203144,1.5400672683599284,jp
39,ECOG_39,-63.765079797301134,-9.313181730739784,5.996523284622886,jp
40,ECOG_40,-65.79286598528675,-18.935651703967416,11.546913797084974,jp
41,ECOG_41,-65.28329583027767,-30.073988090843784,15.648823097911963,jp
42,ECOG_42,-64.34576272286183,-40.931239973138545,19.918819568467764,jp
43,ECOG_43,-62.12426180672566,-51.473009223365885,23.758044033750505,jp
44,ECOG_44,-57.728722681317926,-61.72509443714015,27.615640875011596,jp
45,ECOG_45,-56.798360232543956,6.136867708692749,-16.38650353048315,jp
46,ECOG_46,-66.59940232528666,-13.082273642148156,-4.720425301698679,jp
47,ECOG_47,-68.63886293047435,-34.82257600235205,4.679183786029424,jp
48,ECOG_48,-62.19343223122242,-55.31814689802914,12.244662674801134,jp
49,ECOG_49,-56.5897457386631,-64.97366497515438,15.83957468051798,jp
50,ECOG_50,-57.35984904109682,0.7745135967925404,-27.785221265876444,jp
51,ECOG_51,-63.50025674860853,-8.361833130526769,-22.65987901728995,jp
52,ECOG_52,-65.2683184997596,-17.506779389717533,-17.370563423167223,jp
53,ECOG_53,-68.22409420913498,-27.708617435851284,-11.33180854261369,jp
54,ECOG_54,-69.04875311894429,-38.52287165878877,-7.475012469209893,jp
55,ECOG_55,-65.90219473240577,-48.493872367981446,-3.0659299809828586,jp
56,ECOG_56,-61.21792421464,-59.32532565466184,1.0215247153635294,jp
57,ECOG_57,-55.41142633824039,-69.25332870449722,4.298634757601097,jp
0,ECOG_0,60.60606060606061,-9.05527195510813,-41.33249526436055,jt
1,ECOG_1,60.90853470181729,-19.865796170362934,-35.553199364912665,jt
2,ECOG_2,64.64646464646465,-26.44766885917759,-28.7934088377754,jt
3,ECOG_3,65.5576218081214,-35.143867311212325,-22.523865624482823,jt
4,ECOG_4,65.4800968990805,-43.85906156925693,-16.8020662995268,jt
5,ECOG_5,62.089695427665305,-52.53626421528178,-9.984779197897666,jt
6,ECOG_6,58.997914116130595,-60.70863017801397,-3.729610128228054,jt
7,ECOG_7,55.35962810573777,-67.81433535613117,2.779810669268509,jt
8,ECOG_8,60.60606060606061,-3.532009971934502,-33.260078375541895,jt
9,ECOG_9,62.185342777701635,-12.752040913271784,-26.976161018626346,jt
10,ECOG_10,67.04594936198494,-19.895737703408738,-21.297484124539242,jt
11,ECOG_11,67.17171717171718,-29.60160952202882,-13.903704847327605,jt
12,ECOG_12,67.67457402078615,-37.250142995458454,-7.662909921280964,jt
13,ECOG_13,66.01138689148003,-45.403513152180764,-0.8599969632747987,jt
14,ECOG_14,61.70889519075279,-54.62354409351805,4.952275142019813,jt
15,ECOG_15,58.49525664876767,-62.27207756694767,10.650392248410226,jt
16,ECOG_16,60.13603196063863,2.0862310412884963,-22.44894204504046,jt
17,ECOG_17,64.98084003820732,-6.0861349214436835,-16.193772975370848,jt
18,ECOG_18,67.83689271470902,-14.277496690185739,-10.486347794037794,jt
19,ECOG_19,68.29503617192941,-23.01168675424022,-5.312292357418328,jt
20,ECOG_20,67.46678415381211,-31.16505691096253,1.3610014179280263,jt
21,ECOG_21,66.0442257020862,-40.38508785229981,7.098491178590048,jt
22,ECOG_22,64.25068482421999,-48.557453815032,12.809732503070995,jt
23,ECOG_23,60.67174748639386,-56.7108239717543,19.021087812554885,jt
24,ECOG_24,60.60606060606061,8.190312931794303,-12.747667634835096,jt
25,ECOG_25,62.39282120741538,-0.5058855202404302,-6.478124421542521,jt
26,ECOG_26,63.28153374828338,-8.659255676962738,0.29654605503202364,jt
27,ECOG_27,66.64354994583904,-16.90760486373442,4.007331439501201,jt
28,ECOG_28,65.87603972748387,-25.603803315769152,9.731696982072684,jt
29,ECOG_29,66.48516579673858,-33.776169278501335,15.442938306553637,jt
30,ECOG_30,64.02475729047062,-42.472367730536064,21.167303849125116,jt
31,ECOG_31,57.234391937720076,13.713574914967928,-4.67525074601644,jt
32,ECOG_32,60.11114459033592,6.027049829518541,0.4291819334999504,jt
33,ECOG_33,64.81741668580112,-2.164311939223512,5.640309272977957,jt
34,ECOG_34,66.60005460741736,-10.841514585248367,11.86478880055238,jt
35,ECOG_35,66.39480189055473,-19.537713037283098,17.58915434312387,jt
36,ECOG_36,65.96799843411613,-27.71007900001528,23.300395667604818,jt
37,ECOG_37,64.37618638464225,-35.88244496274746,29.011636992085762,jt
38,ECOG_38,60.13448882342043,-44.0168193134599,35.723106286572595,jt
39,ECOG_39,59.292564900156684,18.750996020858754,4.115112579350621,jt
40,ECOG_40,61.331846246934674,12.11213591401447,8.786753279554075,jt
41,ECOG_41,63.50909917441014,3.4159374619797394,14.511118822125558,jt
42,ECOG_42,63.89796222265178,-4.232596011449891,20.209235928515966,jt
43,ECOG_43,64.75734116806863,-13.452626952787174,25.94672568917799,jt
44,ECOG_44,62.806419130411086,-21.60599710950948,32.15808099866188,jt
45,ECOG_45,62.86002649888231,-30.302195561544213,37.88244654123337,jt
46,ECOG_46,58.71151453566755,-38.47456152427639,43.593687865714315,jt
47,ECOG_47,58.12115409364035,25.883747083959776,12.446435489223669,jt
48,ECOG_48,60.62470877497707,17.673389509207848,17.15744884369873,jt
49,ECOG_49,60.42670278419887,1.852490073046034,28.566807274570095,jt
50,ECOG_50,57.913526884004554,-6.862704184998571,33.79105883213864,jt
51,ECOG_51,60.24912061929029,-15.016074341720879,40.00241414162253,jt
52,ECOG_52,58.14730949401199,-23.731268599765485,45.22666569919107,jt
53,ECOG_53,54.93176285030139,-31.88463875648779,51.438021008674966,jt
54,ECOG_54,53.4815961394218,31.93084155643596,19.803778865271905,jt
55,ECOG_55,54.61905956388516,24.76814896028912,24.4885437835659,jt
56,ECOG_56,54.829407177365205,16.61477880356682,30.69989909304979,jt
57,ECOG_57,56.13625119065315,7.937576157541963,36.924378620624225,jt
58,ECOG_58,55.866583794761766,-0.25378561120009474,42.13550596010222,jt
59,ECOG_59,53.601794825533304,-8.949984063234824,47.85987150267371,jt
60,ECOG_60,51.45364725071218,-16.59851753666446,53.557988609064125,jt
61,ECOG_61,48.56114446063515,-25.351703406728813,57.78201219662677,jt
0,ECOG_0,29.710043676839792,-23.976465791183628,70.33726488059023,rh
1,ECOG_1,23.3782873133903,-16.044462824566892,71.96327747286801,rh
2,ECOG_2,24.897206132210723,-4.894610491143965,69.27574897671265,rh
3,ECOG_3,20.012028543099895,5.276685160225643,66.64265719357667,rh
4,ECOG_4,26.271732811203776,14.958702470568602,64.03678376695035,rh
5,ECOG_5,27.073014513046555,22.96578573745115,57.389552816987724,rh
6,ECOG_6,31.982839005122944,30.998756381881254,51.25769844113328,rh
7,ECOG_7,27.673855021640925,40.087945841007325,46.61753707458397,rh
8,ECOG_8,38.595009474599294,-27.09334748017645,66.89293900089113,rh
9,ECOG_9,35.99733648054888,-17.333668037190844,65.83319529658932,rh
10,ECOG_10,38.4036301450873,-7.703425481942998,62.19656872174669,rh
11,ECOG_11,38.83672575419579,2.9571485104532704,59.53625858210101,rh
12,ECOG_12,36.578653817884785,13.128444161822879,56.903166798965024,rh
13,ECOG_13,33.485765308413654,21.728355279922297,52.290223788925395,rh
14,ECOG_14,36.557285509358096,30.765769983953277,46.619309274159754,rh
15,ECOG_15,34.22631629100064,40.31835040655845,41.43655297699261,rh
16,ECOG_16,44.001668613454456,-30.313778679359483,61.38710682475935,rh
17,ECOG_17,45.52858878734656,-19.601429931868115,59.75754983333,rh
18,ECOG_18,47.64559467326702,-9.507796413141163,55.57832832786952,rh
19,ECOG_19,47.084332790755056,1.6161685427342092,52.37542325760601,rh
20,ECOG_20,45.420052505887384,11.272298475529604,49.254173256871525,rh
21,ECOG_21,42.872131478353026,20.387375312203243,45.12938846443039,rh
22,ECOG_22,42.03077681409131,29.96584311235598,40.462008741371406,rh
23,ECOG_23,42.26547962111434,39.02914519393452,35.306470800713925,rh
24,ECOG_24,50.403949199313836,-32.16992436565276,53.73811328266585,rh
25,ECOG_25,52.386875603696595,-21.946853959188044,52.13577464774619,rh
26,ECOG_26,54.056571593233635,-11.286279966791774,49.47546450810053,rh
27,ECOG_27,53.24998951339365,-1.1667590705172732,45.81161957674819,rh
28,ECOG_28,53.37628731994531,8.900987070662127,41.117021497179536,rh
29,ECOG_29,51.991639523987445,18.016063907335756,36.9922367047384,rh
30,ECOG_30,48.65606531303874,27.620419085036044,32.840233555787584,rh
31,ECOG_31,48.92175780886461,36.63194641151947,26.653942466913772,rh
32,ECOG_32,57.22405216249247,-34.48946101542512,46.6317146711902,rh
33,ECOG_33,58.14730949401199,-23.777112267933756,45.00215767976087,rh
34,ECOG_34,58.22501210310432,-3.5380704753847536,37.67446781705621,rh
35,ECOG_35,58.042028378988114,6.014509947220433,32.49171151988906,rh
36,ECOG_36,56.41379484209441,15.644752502468277,28.85508494504641,rh
37,ECOG_37,55.13017968691774,25.68661126610012,23.645110291369573,rh
38,ECOG_38,53.474855973370154,34.74991334767865,18.489572350712102,rh
39,ECOG_39,60.262711878826984,-37.298276006224164,39.552534416224226,rh
40,ECOG_40,62.81198306497375,-27.178755109949666,35.888689484871904,rh
41,ECOG_41,62.392371333050626,-16.569955872648507,32.1976261970099,rh
42,ECOG_42,60.95551489140189,-6.939713317400658,28.56099962216725,rh
43,ECOG_43,60.781200446416555,3.6173111648053933,23.839183186088906,rh
44,ECOG_44,62.03166726572343,13.16989158741058,18.65642688892175,rh
45,ECOG_45,59.02456397927315,23.26352510613753,14.47720538346125,rh
46,ECOG_46,56.32818002258947,32.35271456526362,9.837044016911948,rh
47,ECOG_47,64.22494388597457,-38.8722423718712,27.7533099247557,rh
48,ECOG_48,65.773453430238,-30.142894366034017,25.71724978525692,rh
49,ECOG_49,65.99646662060941,-19.534095128732854,22.026186497394914,rh
50,ECOG_50,65.26119413663007,-9.414574232458353,18.36234156604259,rh
51,ECOG_51,64.24490839726447,1.1424502497477047,13.640525129964237,rh
52,ECOG_52,59.53178677724193,10.720918049900439,8.973145406905251,rh
53,ECOG_53,59.292564900156684,19.810107509026523,4.332984040355948,rh
54,ECOG_54,56.20247337902063,29.41446268672681,0.1809808914051322,rh
55,ECOG_55,65.09992349380414,-42.35154734652976,17.093712007542226,rh
56,ECOG_56,66.11711667148636,-33.13292099966592,15.030433511533769,rh
57,ECOG_57,66.44643728852044,-22.987512725843864,11.881965154289611,rh
58,ECOG_58,66.35429901826537,-12.84210445202181,8.733496797045452,rh
59,ECOG_59,64.93106885753971,-2.2850799698157545,4.0116803609671035,rh
60,ECOG_60,60.11114459033592,6.340718525831219,-0.0940657011514293,rh
61,ECOG_61,56.312550109256,16.356689911915513,-6.364688474439769,rh
62,ECOG_62,50.23261697367474,25.419991993494037,-12.011230028493191,rh
0,ECOG_0,64.06435561605619,-10.982558258028151,-24.844176936256602,rr
1,ECOG_1,65.59838516050816,-28.20011089166004,-15.663444135436144,rr
2,ECOG_2,67.52381865987802,-37.97192366222149,-10.820973670339189,rr
3,ECOG_3,65.57381442099752,-46.79772323176661,-6.274374388578387,rr
4,ECOG_4,61.32109777045637,-56.179935051830235,-3.786602213150729,rr
5,ECOG_5,55.88171180515375,-65.95174782239168,0.9640536213422066,rr
6,ECOG_6,67.85557665560927,-24.19383031279202,-4.635766233939997,rr
7,ECOG_7,67.33212044462441,-33.375756197695964,-0.6476408474119074,rr
8,ECOG_8,66.18899404856352,-42.55768208259989,3.0500076226712967,rr
9,ECOG_9,62.435331448088526,-52.17365447296221,6.611416932837117,rr
10,ECOG_10,58.49525664876767,-61.8675470534241,10.602814626333858,rr
11,ECOG_11,59.03398795263369,6.67944992520922,-9.602584467395555,rr
12,ECOG_12,63.075133895596366,-2.1463496443359085,-5.0559851856347535,rr
13,ECOG_13,65.10556585067582,-10.18197639306385,0.12474203486130281,rr
14,ECOG_14,66.9804390371479,-19.9537891636253,4.546128111688956,rr
15,ECOG_15,65.91582954022638,-29.213635238628804,8.617448369675955,rr
16,ECOG_16,66.1477342242545,-38.82960762899113,12.178857679841776,rr
17,ECOG_17,64.1219549784425,-48.44558001935344,15.740266990007603,rr
18,ECOG_18,60.67174748639386,-57.705426094356945,19.8115872479946,rr
19,ECOG_19,58.435379527144,11.275617389734748,0.5211180637463593,rr
20,ECOG_20,63.813483285526914,2.449817820189623,4.672360886223614,rr
21,ECOG_21,65.37273144263342,-6.887948444913451,9.173669527541525,rr
22,ECOG_22,67.38388283569242,-15.35762169909977,13.834823297839954,rr
23,ECOG_23,62.12920775398085,16.383751549818218,9.459747431056698,rr
24,ECOG_24,64.0262533204153,-2.3697011704874886,18.89235309702344,rr
25,ECOG_25,64.23453630915539,-10.683534044474674,22.693530100660038,rr
26,ECOG_26,64.64215087440212,-20.377426624936557,26.684927794156774,rr
27,ECOG_27,62.55540296649313,-39.96549772102,33.29783546666724,rr
28,ECOG_28,59.31314070211619,20.467952318785805,19.098508436048352,rr
29,ECOG_29,61.58461680248937,10.696139548224355,23.519894512876004,rr
30,ECOG_30,61.756555348324824,-26.777291257248045,39.725252980333735,rr
31,ECOG_31,59.66825584225707,-35.2914100663949,42.15654226948733,rr
32,ECOG_32,55.50007306742839,-46.131601783032785,45.04819550285145,rr
33,ECOG_33,53.95952522114163,24.27394696249414,27.79737010988791,rr
34,ECOG_34,57.00416247417009,15.014100887490638,31.868690367874915,rr
35,ECOG_35,56.03515374126904,5.598414432288001,36.79998739252375,rr
36,ECOG_36,56.16658463228614,-3.6614316427155025,40.87130765051073,rr
37,ECOG_37,56.86522299524204,-12.84335752761944,44.51263952516681,rr
38,ECOG_38,55.30933926147248,-22.53725010808132,48.50403721866355,rr
39,ECOG_39,54.4543392910157,-32.509348813802454,51.555535581008215,rr
40,ECOG_40,50.19393510959212,-41.535434318507264,54.336890689002466,rr
41,ECOG_41,45.888142549604346,28.436067921561296,37.00614273154866,rr
42,ECOG_42,47.47000102766765,18.586334960900277,41.85751719170723,rr
43,ECOG_43,48.190165993736386,9.838455581454722,45.57877163085356,rr
44,ECOG_44,48.64675918504705,0.5006893163516489,50.080080272171486,rr
45,ECOG_45,49.12652509239442,-9.193203264110235,54.071477965668215,rr
46,ECOG_46,47.06746993531587,-18.731255464372985,57.20289889250312,rr
47,ECOG_47,46.12560379530049,-28.703354170094112,60.25439725484777,rr
48,ECOG_48,43.24604483742318,-38.08556599015773,62.52584141502085,rr
0,ECOG_0,27.879359167175657,-23.01462728705387,71.12705171348524,ug
1,ECOG_1,26.572374736419743,-11.62131101478496,69.52006749235693,ug
2,ECOG_2,26.312333184855877,-0.8934808531044969,66.84220261853416,ug
3,ECOG_3,24.385407852257742,9.902131520329052,64.73714979713137,ug
4,ECOG_4,26.129070204243714,20.494397258503337,60.91366081846868,ug
5,ECOG_5,39.95491302606274,-22.598714924543646,65.53585031120467,ug
6,ECOG_6,36.525873466422546,-11.47035949581587,63.966237816149075,ug
7,ECOG_7,35.79465536921476,-0.9735990718000016,61.612150694609035,ug
8,ECOG_8,36.65707509156955,9.122636085168553,58.14981119430185,ug
9,ECOG_9,33.96175531582856,19.681010717466307,54.039916189429185,ug
10,ECOG_10,45.240878650482784,-23.575388991492186,59.55869548686785,ug
11,ECOG_11,45.80877669255442,-12.215963825099825,57.66530523952953,ug
12,ECOG_12,44.26284030894215,-1.7869856128370445,54.738406065569535,ug
13,ECOG_13,44.16551935566683,8.241467332378425,50.703254512842385,ug
14,ECOG_14,43.17119037275428,18.236029171717355,46.38169693390525,ug
15,ECOG_15,52.48348517640058,-23.362823264241225,52.249057927327364,ug
16,ECOG_16,52.655778902301385,-12.49942867905459,50.71681715834451,ug
17,ECOG_17,52.13638399036489,-1.873271835003759,47.179734205891826,ug
18,ECOG_18,50.261747206755174,7.625259423129433,43.21932610531016,ug
19,ECOG_19,50.901683858820306,17.022117363632997,38.39969992609858,ug
20,ECOG_20,56.85675659834837,-24.00675427589555,46.807343429337756,ug
21,ECOG_21,58.155968063897596,-13.808845801297362,44.204222007660505,ug
22,ECOG_22,57.26578989144225,-3.2504711689996193,40.09432700278784,ug
23,ECOG_23,57.0667500564053,5.881425927962808,35.312072549649,ug
24,ECOG_24,55.602939664492,15.244392762589833,30.20604034422744,ug
0,ECOG_0,-41.20936382404252,21.760856627580427,50.44113250575268,wc
1,ECOG_1,-42.79980574964327,12.335038366772928,53.79111682608198,wc
2,ECOG_2,-41.78357099019808,2.437218995570531,56.038183864327884,wc
3,ECOG_3,-42.10503924127694,-6.931339577866605,59.11531307859688,wc
4,ECOG_4,-42.77210994410796,-15.427079229316284,61.3853738325271,wc
5,ECOG_5,-43.47369194737582,-24.3375603037905,62.279662198313595,wc
6,ECOG_6,-41.12316526878678,-33.42848765556348,64.70423852960626,wc
7,ECOG_7,-42.849882203007304,-41.05403658314786,64.16849043425212,wc
8,ECOG_8,-48.929852459477715,17.91892084186319,42.60237200247099,wc
9,ECOG_9,-51.64435081357054,7.877952252234886,45.531576805867694,wc
10,ECOG_10,-51.40901618561501,-1.087160311487542,48.69746066666007,wc
11,ECOG_11,-52.66478395276642,-10.716015676213466,51.003697469254895,wc
12,ECOG_12,-49.07195950164382,-19.769645969113594,52.58012360019218,wc
13,ECOG_13,-52.11129110098498,-28.80331363351622,54.731844825424545,wc
14,ECOG_14,-49.51907193167843,-37.530720232569514,56.094585614650434,wc
15,ECOG_15,-47.94213169965496,-46.249459616435125,56.74560375655108,wc
16,ECOG_16,-57.12823058104421,13.89391058072504,34.295159075749936,wc
17,ECOG_17,-56.11924250914218,4.668501225713824,36.690150524868145,wc
18,ECOG_18,-59.070709048183225,-5.286577832858939,39.210072669174366,wc
19,ECOG_19,-56.95981921418425,-14.194430709211002,42.10310142390644,wc
20,ECOG_20,-57.01022034338991,-23.276690845796306,43.81595510787386,wc
21,ECOG_21,-56.896477205032475,-32.33032113869644,45.39238123881114,wc
22,ECOG_22,-54.85321823497681,-41.09502479662259,47.60327222839244,wc
23,ECOG_23,-51.75884876761709,-50.67791588728797,48.34963618330662,wc
24,ECOG_24,-61.362766860223346,10.481422450285553,24.409985277015917,wc
25,ECOG_25,-62.28356155327992,0.5263433917127883,26.929907421322135,wc
26,ECOG_26,-61.72606707010482,-8.842215181724344,30.007036635591135,wc
27,ECOG_27,-61.58710706663464,-18.067624536735565,32.40202808470935,wc
28,ECOG_28,-63.69685847429714,-27.072662357453,34.417321756911555,wc
29,ECOG_29,-60.776622943933326,-36.29807171246423,36.81231320602977,wc
30,ECOG_30,-58.899742300232596,-45.32307216167916,38.25231178393689,wc
31,ECOG_31,-55.37731886904072,-54.23355323615339,39.14660014972339,wc
32,ECOG_32,-60.39894695123738,7.232046166769477,14.417968807426202,wc
33,ECOG_33,-60.58911201676729,-2.1365124066676593,17.4950980216952,wc
34,ECOG_34,-64.19850140318772,-11.908516989819496,20.48347258944081,wc
35,ECOG_35,-65.15425175400294,-21.219815875886262,23.2877466976495,wc
36,ECOG_36,-65.49517550039931,-30.71418923737395,25.623568382418785,wc
37,ECOG_37,-63.61106361852621,-40.208562598861654,27.95939006718808,wc
38,ECOG_38,-61.516810700501566,-48.93596919791494,29.322130856413967,wc
39,ECOG_39,-57.15294474885952,-56.713334559112916,30.180243173535846,wc
40,ECOG_40,-60.49887867745358,4.031262355436086,4.864819879101423,wc
41,ECOG_41,-63.65777143841556,-5.6062602244775155,7.882779329021499,wc
42,ECOG_42,-65.45290269625961,-15.243782804391117,10.90073877894157,wc
43,ECOG_43,-64.72066118996558,-24.286117683981416,13.76418265149918,wc
44,ECOG_44,-64.59795701797715,-34.09804752412826,15.601967030654619,wc
45,ECOG_45,-64.12022515436522,-43.063160087850704,18.767850891447004,wc
46,ECOG_46,-62.676814645502205,-52.357124543542106,20.148679705005193,wc
47,ECOG_47,-58.455856474249735,-61.141790829965764,21.784275600291394,wc
48,ECOG_48,-58.08918301975603,0.9649605473409352,-5.102434087720219,wc
49,ECOG_49,-64.57737019306887,-9.018748354917008,-2.1930987049232367,wc
50,ECOG_50,-66.53571352387888,-17.983860918639436,1.1634893910798623,wc
51,ECOG_51,-68.73491325701174,-27.478234280127126,3.499311075849154,wc
52,ECOG_52,-68.42984654080934,-36.84679285356427,6.57644029011815,wc
53,ECOG_53,-64.34107505549433,-47.417022240957834,8.675582917491749,wc
54,ECOG_54,-61.190411235701745,-56.373467589492584,11.129744130958887,wc
55,ECOG_55,-56.36987030661806,-64.96639218530763,12.522069802359237,wc
56,ECOG_56,-62.69329941230417,-2.7164915895750275,-15.99385799014439,wc
57,ECOG_57,-66.015876717327,-12.439903700544177,-12.240211870751896,wc
58,ECOG_58,-67.52895789266663,-21.808462273981313,-8.870022731314421,wc
59,ECOG_59,-68.67412176850328,-30.890722410566617,-6.994040125064373,wc
60,ECOG_60,-69.36704773654975,-40.84580146913938,-4.234125395586134,wc
61,ECOG_61,-65.90219473240577,-49.667764814435905,-1.5138320527405724,wc
62,ECOG_62,-61.21792421464,-59.353879866532175,1.1968974257181,wc
63,ECOG_63,-55.41142633824039,-68.43614000311752,2.9097511096855317,wc
0,ECOG_0,-47.672839318552604,20.356983534736376,43.61205464051792,zt
1,ECOG_1,-46.490464415493825,10.947098387252387,50.838458991062076,zt
2,ECOG_2,-43.83620533326299,1.1005932945422983,54.344286593514326,zt
3,ECOG_3,-45.507662907447326,-7.87535450878187,56.49901864332048,zt
4,ECOG_4,-40.674980160743274,-16.17559176479679,63.280159974194106,zt
5,ECOG_5,-34.683482034391474,-25.02417319023391,68.50040602640784,zt
6,ECOG_6,-48.844272558236426,35.19936001377035,23.130643087808316,zt
7,ECOG_7,-51.8844036983437,25.77517401312854,29.527976490927735,zt
8,ECOG_8,-54.93367763667344,16.182060375659432,34.76870757378029,zt
9,ECOG_9,-53.87908731924391,6.673410556603976,40.58773981676627,zt
10,ECOG_10,-56.13568306299173,-3.0886307176924563,44.67186857935197,zt
11,ECOG_11,-53.58725904012019,-12.766208173575228,49.334298502071086,zt
12,ECOG_12,-49.175649371459,-21.810977641622134,56.13592486358347,zt
13,ECOG_13,-46.253721378459694,-30.954511781240495,61.53017911753769,zt
14,ECOG_14,-54.707864763036575,30.546255650527034,12.475630955119549,zt
15,ECOG_15,-57.63864889414276,20.882979047802074,17.967131825263394,zt
16,ECOG_16,-61.28540917714079,11.304166263490748,24.03693385554068,zt
17,ECOG_17,-61.80705052450858,1.4304007649981922,30.280744087558418,zt
18,ECOG_18,-58.819753171030015,-7.488343625694791,35.75175992706348,zt
19,ECOG_19,-58.47810292882159,-16.646178618470945,40.31694323359299,zt
20,ECOG_20,-57.975473624497994,-26.969523614814257,46.40723029450905,zt
21,ECOG_21,-53.59331190192737,-36.127358607590416,50.972413601038554,zt
22,ECOG_22,-53.1345960736162,24.713340430558798,2.516651629392615,zt
23,ECOG_23,-58.648223359729805,15.569806290940432,7.910905883346845,zt
24,ECOG_24,-60.935145152652325,6.145620290298627,14.30823928646626,zt
25,ECOG_25,-61.559026860530956,-3.2227035982451118,19.62573195486965,zt
26,ECOG_26,-64.27437042878199,-12.885980200970087,25.117232825013502,zt
27,ECOG_27,-63.47561527773758,-22.184141124257962,30.18395570612559,zt
28,ECOG_28,-62.19731615922357,-31.327675263876323,35.57820996007983,zt
29,ECOG_29,-58.83457858453306,-41.30020543394033,40.41464808453941,zt
30,ECOG_30,-55.644441244329336,10.25663353407879,-2.349636254623968,zt
31,ECOG_31,-59.59731932301265,0.15807828666085655,4.021728587897193,zt
32,ECOG_32,-64.31770138978925,-8.985455852957504,9.41598284185142,zt
33,ECOG_33,-66.17581931917672,-17.539084564213386,14.462220692324735,zt
34,ECOG_34,-65.16252715468896,-26.907408452757128,19.779713360728124,zt
35,ECOG_35,-64.52931643739785,-36.43035912497038,24.769674656289386,zt
36,ECOG_36,-61.832742457711966,-46.023472762439496,30.010405739141945,zt
37,ECOG_37,-53.190210663492486,13.49708948847304,-18.890429932003343,zt
38,ECOG_38,-57.53896231560274,4.8589969588034965,-13.996975461631093,zt
39,ECOG_39,-60.79338213183334,-3.905120648219972,-7.646185657631778,zt
40,ECOG_40,-65.74157299581537,-13.554096397787148,-0.723654619342383,zt
41,ECOG_41,-67.83340884199917,-23.006884104744543,4.078463377566044,zt
42,ECOG_42,-68.08331217369613,-32.08025527910704,9.22194784422898,zt
43,ECOG_43,-61.477220311699455,-23.75946411997527,-24.399493856216694,zt
44,ECOG_44,-67.87387401128377,-32.76267232908191,-19.04080635023823,zt
45,ECOG_45,-68.87721864806733,-42.130996217625636,-13.216885808653565,zt
46,ECOG_46,-66.04139337497496,-51.2888312104018,-8.216923139597446,zt
47,ECOG_47,-60.31417771195656,-60.88194484787092,-2.4770748107589333,zt
